Workbook

Sheet FAIR Quantitative Model
A1: Contoso Financial Service - FAIR Quantitative Loss Exposure Calculator
A2: Scenario: Confidentiality breach of restricted content extracted from the knowledge assistant via prompt injection against the Azure OpenAI inference endpoint. Primary Risk ID: R-05. Enabling precondition: R-01 (ingestion boundary failure).
A4: FAIR Parameter Component | B4: Minimum Bounds | C4: Most Likely Bounds | D4: Maximum Bounds | E4: Derived Annualized Loss Expectancy (ALE) Band | F4: Basis / Source of Value | G4: Confidence
A5: Loss Event Frequency (LEF - Events/Year) | B5: 0.1 | C5: 0.25 | D5: 0.5 | F5: Supplied in the scenario package FAIR Calculator Template. Retained unchanged - not author-derived. Consistent with an authenticated internal user population and a deliberate-adversary attack path: between one event every ten years and one every two years. | G5: Medium
A6: Primary Loss Magnitude (Incident Response Costs) | B6: 100000 | C6: 250000 | D6: 1000000 | F6: Supplied in the scenario package. Retained unchanged. Covers forensics, containment, corpus re-verification and internal investigation effort. | G6: Medium
A7: Secondary Loss Magnitude (Regulatory & Legal Fines) | B7: 400000 | C7: 2250000 | D7: 11000000 | F7: Supplied in the scenario package. Retained unchanged. Credible ONLY under the R-01 precondition - see the note below. On a correctly bounded corpus this band would be materially lower. | G7: Low - conditional
A8: Total Loss Magnitude (LM - Per Event) | B8: =B6+B7 -> 500000 | C8: =C6+C7 -> 2500000 | D8: =D6+D7 -> 12000000 | F8: Calculated: Primary + Secondary loss magnitude per event.
A9: Calculated Annual Loss Expectancy (ALE) | B9: =B5*B8 -> 50000 | C9: =C5*C8 -> 625000 | D9: =D5*D8 -> 6000000 | E9: ="$"&TEXT(B9,"#,##0")&" to $"&TEXT(D9,"#,##0")&" | Most Likely $"&TEXT(C9,"#,##0") -> $50,000 to $6,000,000 | Most Likely $625,000 | F9: Calculated: Loss Event Frequency x Total Loss Magnitude.
A11: ALE Band Carried Into the Executive Summary
A12: Minimum annualised exposure | B12: =B9 -> 50000
A13: Most Likely annualised exposure | B13: =C9 -> 625000
A14: Maximum annualised exposure | B14: =D9 -> 6000000
A15: Per-event loss magnitude band | B15: =B8 -> 500000 | C15: =C8 -> 2500000 | D15: =D8 -> 12000000
A17: Reporting rule: this exposure is reported as a three-value band. A single-point ALE (for example 'annual loss expectancy is $625,000') implies a precision the model does not support and is not used anywhere in the report.
A18: Provenance: all three input parameters are taken unchanged from the FAIR Calculator Template supplied in the scenario package. No input value has been invented, substituted or re-estimated by the author.
A19: Conditionality of the secondary loss band: the $400,000 - $11,000,000 regulatory and legal band is credible only where restricted or personal data is present in the indexed corpus - that is, where R-01 has already failed. Scope exclusion X-2 bars such content from the index by design. Modelling R-05 alone against a correctly bounded corpus would yield internal policy content only, and a materially smaller secondary loss. R-01 is therefore carried as the enabling precondition of this scenario.
A20: Governance consequence: because the secondary loss band depends on the R-01 precondition, ingestion controls exert more leverage on modelled exposure than endpoint controls do. See the 'Sensitivity & Control Effect' sheet.
A21: Blue figures are inputs. Black figures are calculated. Do not overwrite a calculated cell.

Sheet Input Provenance
A1: FAIR Input Provenance and Defensibility
A2: Every input below is challengeable. This sheet records where each came from and what would move it.
A4: FAIR Parameter | B4: Min | C4: Most Likely | D4: Max | E4: Source | F4: Why the range is defensible | G4: What would change it | H4: Confidence
A5: Loss Event Frequency (events/year) | B5: 0.10 | C5: 0.25 | D5: 0.50 | E5: Scenario package FAIR Calculator Template. Retained unchanged. | F5: Spans one event per decade to one event every two years. The lower bound reflects an authenticated, internal-only user population behind Entra ID; the upper bound reflects the low technical barrier to prompt injection and the availability of published technique libraries. Contoso has no assistant incident history, so a wide band is the honest representation. | G5: Injection-attempt telemetry after go-live. Twelve months of observed attempt-and-success data would replace this estimate with measurement and should narrow the band substantially. | H5: Medium
A6: Primary Loss Magnitude (incident response) | B6: $100,000 | C6: $250,000 | D6: $1,000,000 | E6: Scenario package FAIR Calculator Template. Retained unchanged. | F6: Covers forensic investigation, containment, corpus re-verification, and internal investigation effort. The tenfold spread reflects the difference between a contained single-session extraction and a sustained campaign requiring full corpus review and external forensics. | G6: Scope of the extraction, and whether the audit trail (R-10 controls) allows the affected query set to be reconstructed quickly. Strong logging compresses this range from the top down. | H6: Medium
A7: Secondary Loss Magnitude (regulatory & legal) | B7: $400,000 | C7: $2,250,000 | D7: $11,000,000 | E7: Scenario package FAIR Calculator Template. Retained unchanged. | F7: Covers regulatory penalty, legal cost, notification and customer remediation. The range is wide because penalty exposure scales with the volume and category of data exposed, and with the supervisor's view of control adequacy at the time of the breach. | G7: Directly dependent on the R-01 precondition. If ingestion controls hold and no restricted or personal data is in the index, this component collapses toward the lower bound and the scenario ceases to be a notifiable event. | H7: Low - conditional on R-01
A8: Total Loss Magnitude (per event) | B8: $500,000 | C8: $2,500,000 | D8: $12,000,000 | E8: Calculated: Primary + Secondary. | F8: Arithmetic sum of the two components above. | G8: Moves with either component. | H8: Inherited
A9: Annual Loss Expectancy (ALE) | B9: $50,000 | C9: $625,000 | D9: $6,000,000 | E9: Calculated: LEF x Total Loss Magnitude. | F9: The band the Executive Summary carries. The 120-fold spread between minimum and maximum is not a defect of the model - it is the honest width of a pre-deployment estimate with no incident history. | G9: Narrows as post-go-live telemetry replaces estimated frequency with observed frequency. | H9: Inherited

Sheet Sensitivity & Control Effect
A1: Sensitivity Analysis - Where Control Investment Moves the Number
A3: ILLUSTRATIVE ONLY. The two control-effectiveness factors below are author estimates, not scenario package data. This sheet supports the residual risk discussion; it does NOT supply the Executive Summary band, which remains the unmitigated $50,000 - $6,000,000 figure from Sheet 1.
A5: Control-effectiveness assumptions (author estimates - edit these cells to re-run)
A6: R-01 ingestion controls: reduction in Secondary Loss Magnitude | B6: 0.8
A7: R-05 endpoint controls: reduction in Loss Event Frequency | B7: 0.6
A9: Control scenario | B9: LEF Min | C9: LEF ML | D9: LEF Max | E9: LM Min | F9: LM ML | G9: LM Max | H9: ALE Min | I9: ALE Most Likely | J9: ALE Max | K9: Max-ALE reduction
A10: Unmitigated - as modelled on Sheet 1 | B10: ='FAIR Quantitative Model'!B5 -> 0.1 | C10: ='FAIR Quantitative Model'!C5 -> 0.25 | D10: ='FAIR Quantitative Model'!D5 -> 0.5 | E10: ='FAIR Quantitative Model'!B8 -> 500000 | F10: ='FAIR Quantitative Model'!C8 -> 2500000 | G10: ='FAIR Quantitative Model'!D8 -> 12000000 | H10: =B10*E10 -> 50000 | I10: =C10*F10 -> 625000 | J10: =D10*G10 -> 6000000 | K10: =IF(J$10=0,0,1-J10/J$10) -> 0
A11: R-01 ingestion controls only (restricted data kept out of the index) | B11: ='FAIR Quantitative Model'!B5 -> 0.1 | C11: ='FAIR Quantitative Model'!C5 -> 0.25 | D11: ='FAIR Quantitative Model'!D5 -> 0.5 | E11: ='FAIR Quantitative Model'!B6+'FAIR Quantitative Model'!B7*(1-$B$6) -> 180000 | F11: ='FAIR Quantitative Model'!C6+'FAIR Quantitative Model'!C7*(1-$B$6) -> 700000 | G11: ='FAIR Quantitative Model'!D6+'FAIR Quantitative Model'!D7*(1-$B$6) -> 3200000 | H11: =B11*E11 -> 18000 | I11: =C11*F11 -> 175000 | J11: =D11*G11 -> 1600000 | K11: =IF(J$10=0,0,1-J11/J$10) -> 0.73333333
A12: R-05 endpoint controls only (prompt shields, red teaming, telemetry) | B12: ='FAIR Quantitative Model'!B5*(1-$B$7) -> 0.04 | C12: ='FAIR Quantitative Model'!C5*(1-$B$7) -> 0.1 | D12: ='FAIR Quantitative Model'!D5*(1-$B$7) -> 0.2 | E12: ='FAIR Quantitative Model'!B8 -> 500000 | F12: ='FAIR Quantitative Model'!C8 -> 2500000 | G12: ='FAIR Quantitative Model'!D8 -> 12000000 | H12: =B12*E12 -> 20000 | I12: =C12*F12 -> 250000 | J12: =D12*G12 -> 2400000 | K12: =IF(J$10=0,0,1-J12/J$10) -> 0.6
A13: Both control sets implemented | B13: ='FAIR Quantitative Model'!B5*(1-$B$7) -> 0.04 | C13: ='FAIR Quantitative Model'!C5*(1-$B$7) -> 0.1 | D13: ='FAIR Quantitative Model'!D5*(1-$B$7) -> 0.2 | E13: ='FAIR Quantitative Model'!B6+'FAIR Quantitative Model'!B7*(1-$B$6) -> 180000 | F13: ='FAIR Quantitative Model'!C6+'FAIR Quantitative Model'!C7*(1-$B$6) -> 700000 | G13: ='FAIR Quantitative Model'!D6+'FAIR Quantitative Model'!D7*(1-$B$6) -> 3200000 | H13: =B13*E13 -> 7200 | I13: =C13*F13 -> 70000 | J13: =D13*G13 -> 640000 | K13: =IF(J$10=0,0,1-J13/J$10) -> 0.89333333
A15: Reading this table: the R-01 row and the R-05 row each show what one control set does on its own. The comparison, not the absolute figures, is the finding - ingestion controls move the maximum exposure further than endpoint controls do, because they attack the loss magnitude rather than the event frequency. Both are required; the sequencing conclusion is that ingestion controls should not wait behind endpoint hardening.
